<settings xmlns="http://maven.apache.org/SETTINGS/1.0.0"
      xmlns:xsi="http://www.w3.org/2001/XMLSchema-instance"
      xsi:schemaLocation="http://maven.apache.org/SETTINGS/1.0.0
                          https://maven.apache.org/xsd/settings-1.0.0.xsd">
  <servers>
    <server>
      <id>sonatype-joda-staging</id>
      <username>${env.OSSRH_USERNAME}</username>
      <password>${env.OSSRH_TOKEN}</password>
    </server>
    <server>
      <id>github</id>
      <privateKey>${env.GITHUB_TOKEN}</privateKey>
    </server>
  </servers>
</settings>
